Brand,Description,Price
Geox,Men Solid Leather Sneakers,6599
Nike,Men LEGEND REACT 3 Shoes,6199
Nike,Men Zoom Running Shoes,6399
Nike,Men ZOOM FLY 3 Running Shoes,11199
Cole Haan,Men Traveller Leather Penny Loafers,9999
Puma,Men HYBRID NETFIT Running Shoe,6599
ADIDAS Originals,Men Superstar Sneakers,8799
Nike,Men JORDAN ZOOM '92 Shoes,10799
Nike,Men JORDAN DELTA Basketball,9999
Nike,PEGASUS FLYEASE Running Shoes,7999
Nike,Men AIR MAX 90 Sneakers,7999
Nike,Unisex KYRIE FLYTRAP IV Shoes,6599
Nike,Men LEGEND REACT 3 Running,6599
Nike,Men JOYRIDE Running Shoes,11199
ADIDAS Originals,Men Superstar Sneakers,6399
Tommy Hilfiger,Women Solid Leather Sneakers,6999
Nike,AIR ZOOM PEGASUS Running Shoes,9199
Nike,Women AIR ZOOM Running Shoes,7999
Nike,Men ZOOM Basketball Shoes,8199
Geox,Men Leather Formal Slip-Ons,7494
Geox,Leather Mid-Top Chelsea Boots,8999
Nike,Men REACT PHANTOM Running,9599
Tommy Hilfiger,Women Solid Sneakers,7599
Nike,Women REACT PHANTOM Running,10099
Nike,Men JORDAN DELTA Sneakers,8199
Nike,Men Solid SKYVE MAX Sneakers,6999
Nike,Men KD13 EP Basketball Shoes,10399
Nike,Men CHALLENGER OG Sneakers,6099
Nike,Women REACT Running Shoes,8999
Tommy Hilfiger,Women Solid Sneakers,6999
Nike,Women Air Max Sneakers,6599
Geox,Men Leather Formal Oxfords,10490
Cole Haan,Women Woven Design Sneakers,7499
Cole Haan,Women Leather Open Toe Flats,6499
ADIDAS,Solar Drive 19 Running Shoes,8999
Nike,Women AIR MAX VERONA Sneakers,7999
Geox,Men Leather Formal Derbyacs,8994
Kenneth Cole,Men Solid Leather Formal Brogues,6293
ALDO,Women Solid Sneakers,7999
Nike,Women Air Max Siren Sneakers,6599
Puma,Men Hydra Running Shoes,6299
ADIDAS Originals,Men Nite Jogger Shoes,11199
Cole Haan,Women Woven Design Slip-On Sneakers,7499
Cole Haan,Leather Sneakers,8249
ADIDAS Originals,Men Deerupt Running Shoes,7199
Geox,Men Leather Driving Shoes,9999
Nike,Women AIR MAX VG-R Sneakers,6599
Kenneth Cole,Men Leather Formal Derbys,6293
UNDER ARMOUR,HOVR Sonic 3 Running Shoes,10999
Kenneth Cole,Men Solid Leather Formal Derbys,6293
UNDER ARMOUR,Men HOVR Sonic 3 Running Shoes,10999
Geox,Men Leather Formal Oxfords,10490
UNDER ARMOUR,Charged Impulse Running Shoes,7999
Cole Haan,Women Woven Design Sneakers,7499
UNDER ARMOUR,Women Running Shoes,6499
Cole Haan,Women Leather Open Toe Flats,6499
Cole Haan,Leather Sneakers,8249
Geox,Men Leather Driving Shoes,9999
Geox,Men Leather Formal Derbyacs,8994
Kenneth Cole,Men Solid Leather Formal Brogues,6293
ALDO,Women Solid Sneakers,7999
Cole Haan,Women Woven Design Slip-On Sneakers,7499
Cole Haan,Men Wingtip Oxford Sneakers,9749
DAVINCHI,Solid Leather Slip-On Shoes,7990
Kenneth Cole,Men Leather Formal Derbys,6293
Cole Haan,Men GENERATION ZEROGRAND STITCHLITE,8999
Geox,Men Leather Mid-Top Brogues,8999
Kenneth Cole,Men Textured Sneakers,6013
UNDER ARMOUR,HOVR Sonic 3 Running Shoes,10999
Geox,Men Solid Leather Sneakers,8999
Kenneth Cole,Men Solid Leather Formal Derbys,6293
Kenneth Cole,Men Solid Leather Formal Slip-Ons,6293
UNDER ARMOUR,Women Liquify Rebel Running,8999
UNDER ARMOUR,Men Liquify Running Shoes,10999
Kenneth Cole,Men Solid Leather Formal Derbys,6293
Skechers,Women D'LITES 3.0 Sneakers,6999
Heel & Buckle London,Men Leather Formal Oxfords,7143
Xtep,Men Running Shoes,9349
UNDER ARMOUR,Men Charged Impulse Knit,8999
Cole Haan,Women Woven Design Sneakers,11249
Puma,Men Running Shoes,9099
Kenneth Cole,Men Solid Formal Genuine Leather Derbys,6153
Tommy Hilfiger,Men Heritage Leather Sneakers,8099
ADIDAS,Men Alphatorsion Running Shoes,6499
Skechers,Men Running Shoes,6499
Tommy Hilfiger,Men TS PRO 1 Sneakers,7199
Tommy Hilfiger,Men Iconic Mix Runner Sneakers,6799
Geox,Women Leather Flatform Boots,8249
Tommy Hilfiger,Men Solid Sneakers,6459
ALDO,Women Textured Sneakers,5999
Tommy Hilfiger,FLEXI MIX RUNNER Sneakers,5949
Tommy Hilfiger,Men Essential Leather Sneakers,5949
Cole Haan,Women Leather Open Toe Flats,5999
Cole Haan,Women Open Toe Flats,8999
Geox,Women Leather Flat Boots,9749
Geox,Women Slip-On Sneakers,8499
Cole Haan,Women Solid Leather Ballerinas,10499
FILA,Women Printed Sneakers,7999
Clarks,Men Leather Mid-Top Derbys,8999
UNDER ARMOUR,Women Charged Bandit 5 Running,7999
